<?xml version="1.0" encoding="UTF-8"?>
<project-private xmlns="http://www.netbeans.org/ns/project-private/1">
    <editor-bookmarks xmlns="http://www.netbeans.org/ns/editor-bookmarks/2" lastBookmarkId="0"/>
    <open-files xmlns="http://www.netbeans.org/ns/projectui-open-files/2">
        <group>
            <file>file:/C:/Users/charl/Documents/NetBeansProjects/Shopping2/src/MainProduct/Main.java</file>
            <file>file:/C:/Users/charl/Documents/NetBeansProjects/Shopping2/src/MainProduct/addtocartview.java</file>
            <file>file:/C:/Users/charl/Documents/NetBeansProjects/Shopping2/src/MainProduct/receipt.java</file>
            <file>file:/C:/Users/charl/Documents/NetBeansProjects/Shopping2/src/MainProduct/productlists.java</file>
            <file>file:/C:/Users/charl/Documents/NetBeansProjects/Shopping2/src/LoginandSignup/Login.java</file>
        </group>
    </open-files>
</project-private>
